"api_name","game_id","source","category","hidden","name_en","desc_en","name_es","desc_es","progress_stat","progress_min","progress_max","icon_achieved","icon_locked","unlock"
"ACH_FIRST_SEED","firstSeed","game","start","0","First drop","Sow for the first time.","Primera gota","Siembra por primera vez.","","","","achievement-icons/ACH_FIRST_SEED.jpg","achievement-icons/ACH_FIRST_SEED_locked.jpg","seeds >= 1"
"ACH_FIRST_LIFE","firstLife","game","start","0","Something stayed","Get a stable creature.","Algo se quedó","Consigue una criatura estable.","","","","achievement-icons/ACH_FIRST_LIFE.jpg","achievement-icons/ACH_FIRST_LIFE_locked.jpg","stableEver >= 1"
"ACH_SEEDS_100","seeds100","game","start","0","Steady hand","Sow 100 times.","Mano firme","Siembra 100 veces.","STAT_SEEDS","0","100","achievement-icons/ACH_SEEDS_100.jpg","achievement-icons/ACH_SEEDS_100_locked.jpg","seeds >= 100"
"ACH_SEEDS_1000","seeds1000","game","start","0","Steady rain","Sow 1,000 times.","Lluvia constante","Siembra 1 000 veces.","STAT_SEEDS","0","1000","achievement-icons/ACH_SEEDS_1000.jpg","achievement-icons/ACH_SEEDS_1000_locked.jpg","seeds >= 1000"
"ACH_SPECIES_3","species3","game","bestiary","0","Naturalist","Register 3 species.","Naturalista","Registra 3 especies.","STAT_SPECIES","0","3","achievement-icons/ACH_SPECIES_3.jpg","achievement-icons/ACH_SPECIES_3_locked.jpg","species >= 3"
"ACH_SPECIES_10","species10","game","bestiary","0","Taxonomist","Register 10 species.","Taxónoma","Registra 10 especies.","STAT_SPECIES","0","10","achievement-icons/ACH_SPECIES_10.jpg","achievement-icons/ACH_SPECIES_10_locked.jpg","species >= 10"
"ACH_SPECIES_20","species20","game","bestiary","0","A fauna of my own","Register 20 species.","Fauna propia","Registra 20 especies.","STAT_SPECIES","0","20","achievement-icons/ACH_SPECIES_20.jpg","achievement-icons/ACH_SPECIES_20_locked.jpg","species >= 20"
"ACH_SWIMMER","swimmer","game","behaviour","0","Swimmer","Observe a swimming creature.","Nadadora","Observa una criatura nadadora.","","","","achievement-icons/ACH_SWIMMER.jpg","achievement-icons/ACH_SWIMMER_locked.jpg","behavior:swimmer >= 1"
"ACH_SPINNER","spinner","game","behaviour","0","Whirl","Observe a spinning creature.","Remolino","Observa una criatura giratoria.","","","","achievement-icons/ACH_SPINNER.jpg","achievement-icons/ACH_SPINNER_locked.jpg","behavior:spinner >= 1"
"ACH_PULSING","pulsing","game","behaviour","0","Heartbeat","Observe a pulsing creature.","Latido","Observa una criatura pulsante.","","","","achievement-icons/ACH_PULSING.jpg","achievement-icons/ACH_PULSING_locked.jpg","behavior:pulsing >= 1"
"ACH_DIVIDER","divider","game","behaviour","0","Mitosis","Observe a dividing creature.","Mitosis","Observa una criatura divisora.","","","","achievement-icons/ACH_DIVIDER.jpg","achievement-icons/ACH_DIVIDER_locked.jpg","behavior:divider >= 1"
"ACH_COLONY","colony","game","behaviour","0","Colony","Form a colony.","Colonia","Forma una colonia.","","","","achievement-icons/ACH_COLONY.jpg","achievement-icons/ACH_COLONY_locked.jpg","behavior:colony >= 1"
"ACH_ALL_BEHAVIORS","allBehaviors","game","behaviour","0","Ethologist","Observe all 6 behaviours.","Etóloga","Observa los 6 comportamientos.","STAT_BEHAVIORS","0","6","achievement-icons/ACH_ALL_BEHAVIORS.jpg","achievement-icons/ACH_ALL_BEHAVIORS_locked.jpg","behaviors >= 6"
"ACH_EPS_10","eps10","game","economy","0","Productive","Reach 10 Essence/s.","Productiva","Alcanza 10 Esencia/s.","STAT_EPS_PEAK","0","10","achievement-icons/ACH_EPS_10.jpg","achievement-icons/ACH_EPS_10_locked.jpg","epsPeak >= 10"
"ACH_EPS_100","eps100","game","economy","0","Flourishing","Reach 100 Essence/s.","Floreciente","Alcanza 100 Esencia/s.","STAT_EPS_PEAK","0","100","achievement-icons/ACH_EPS_100.jpg","achievement-icons/ACH_EPS_100_locked.jpg","epsPeak >= 100"
"ACH_EPS_1000","eps1000","game","economy","0","Ecosystem","Reach 1,000 Essence/s.","Ecosistema","Alcanza 1 000 Esencia/s.","STAT_EPS_PEAK","0","1000","achievement-icons/ACH_EPS_1000.jpg","achievement-icons/ACH_EPS_1000_locked.jpg","epsPeak >= 1000"
"ACH_ESSENCE_1E4","essence1e4","game","economy","0","Ten thousand","Earn 10,000 Essence in total.","Diez mil","Gana 10 000 Esencia en total.","STAT_ESSENCE_LOG10","0","4","achievement-icons/ACH_ESSENCE_1E4.jpg","achievement-icons/ACH_ESSENCE_1E4_locked.jpg","totalEssence >= 10000"
"ACH_ESSENCE_1E6","essence1e6","game","economy","0","Millionaire","Earn 1,000,000 Essence in total.","Millonaria","Gana 1 000 000 de Esencia en total.","STAT_ESSENCE_LOG10","0","6","achievement-icons/ACH_ESSENCE_1E6.jpg","achievement-icons/ACH_ESSENCE_1E6_locked.jpg","totalEssence >= 1000000"
"ACH_GOLDEN_1","golden1","game","golden","0","Spark","Catch a Spark.","Destello","Atrapa un Destello.","","","","achievement-icons/ACH_GOLDEN_1.jpg","achievement-icons/ACH_GOLDEN_1_locked.jpg","golden >= 1"
"ACH_GOLDEN_10","golden10","game","golden","0","Light catcher","Catch 10 Sparks.","Cazadora de luz","Atrapa 10 Destellos.","STAT_GOLDEN","0","10","achievement-icons/ACH_GOLDEN_10.jpg","achievement-icons/ACH_GOLDEN_10_locked.jpg","golden >= 10"
"ACH_GOLDEN_50","golden50","game","golden","0","Moth","Catch 50 Sparks.","Polilla","Atrapa 50 Destellos.","STAT_GOLDEN","0","50","achievement-icons/ACH_GOLDEN_50.jpg","achievement-icons/ACH_GOLDEN_50_locked.jpg","golden >= 50"
"ACH_RARE","rare","game","bestiary","0","Rarity","Register a rare species.","Rareza","Registra una especie rara.","","","","achievement-icons/ACH_RARE.jpg","achievement-icons/ACH_RARE_locked.jpg","rare >= 1"
"ACH_VERY_RARE","veryRare","game","bestiary","0","Jewel","Register a very rare species.","Joya","Registra una especie muy rara.","","","","achievement-icons/ACH_VERY_RARE.jpg","achievement-icons/ACH_VERY_RARE_locked.jpg","veryRare >= 1"
"ACH_CROWD_5","crowd5","game","start","0","Living dish","Have 5 stable creatures at once.","Placa viva","Ten 5 criaturas estables a la vez.","STAT_STABLE_PEAK","0","5","achievement-icons/ACH_CROWD_5.jpg","achievement-icons/ACH_CROWD_5_locked.jpg","stablePeak >= 5"
"ACH_CROWD_10","crowd10","game","start","0","Bustle","Have 10 stable creatures at once.","Bullicio","Ten 10 criaturas estables a la vez.","STAT_STABLE_PEAK","0","10","achievement-icons/ACH_CROWD_10.jpg","achievement-icons/ACH_CROWD_10_locked.jpg","stablePeak >= 10"
"ACH_PRINTER","printer","game","tools","0","Printer","Print a species.","Impresora","Imprime una especie.","","","","achievement-icons/ACH_PRINTER.jpg","achievement-icons/ACH_PRINTER_locked.jpg","prints >= 1"
"ACH_TINKERER","tinkerer","game","tools","0","Fine tuning","Change the calibration.","Ajuste fino","Cambia la calibración.","","","","achievement-icons/ACH_TINKERER.jpg","achievement-icons/ACH_TINKERER_locked.jpg","calibrations >= 1"
"ACH_REGIME","regime","game","tools","0","Archivist","Save a regime.","Archivista","Guarda un régimen.","","","","achievement-icons/ACH_REGIME.jpg","achievement-icons/ACH_REGIME_locked.jpg","regimesSaved >= 1"
"ACH_EXTINCTION","extinction","game","prestige","0","Tabula rasa","Trigger an Extinction.","Tabula rasa","Provoca una Extinción.","","","","achievement-icons/ACH_EXTINCTION.jpg","achievement-icons/ACH_EXTINCTION_locked.jpg","extinctions >= 1"
"ACH_HERITAGE","heritage","game","prestige","0","Heritage","Buy a Genome node.","Herencia","Compra un nodo del Genoma.","","","","achievement-icons/ACH_HERITAGE.jpg","achievement-icons/ACH_HERITAGE_locked.jpg","genomeNodes >= 1"
"ACH_VARIANT","variant","game","bestiary","0","Variation","Register a mutated variant.","Variación","Registra una variante mutada.","","","","achievement-icons/ACH_VARIANT.jpg","achievement-icons/ACH_VARIANT_locked.jpg","variants >= 1"
"ACH_SYMBIOSIS","symbiosis","game","bestiary","0","Symbiosis","Form a symbiotic pair.","Simbiosis","Forma una pareja simbiótica.","","","","achievement-icons/ACH_SYMBIOSIS.jpg","achievement-icons/ACH_SYMBIOSIS_locked.jpg","symbiosis >= 1"
"ACH_RETURNED","returned","game","idle","0","Back again","Return after being away.","De vuelta","Vuelve tras una ausencia.","","","","achievement-icons/ACH_RETURNED.jpg","achievement-icons/ACH_RETURNED_locked.jpg","returns >= 1"
"ACH_HOUR","hour","game","idle","0","Patience","Play for an hour.","Paciencia","Juega una hora.","STAT_PLAY_MINUTES","0","60","achievement-icons/ACH_HOUR.jpg","achievement-icons/ACH_HOUR_locked.jpg","playTime >= 3600"
"ACH_SPECIES_25","species25","planned","bestiary","0","Herbarium","Register 25 species.","Herbario","Registra 25 especies.","STAT_SPECIES","0","25","achievement-icons/ACH_SPECIES_25.jpg","achievement-icons/ACH_SPECIES_25_locked.jpg","species >= 25"
"ACH_SPECIES_CATALOG","speciesCatalog","planned","bestiary","0","Chan's catalogue","Register all 26 catalogue species.","El catálogo de Chan","Registra las 26 especies del catálogo.","STAT_CATALOG_SPECIES","0","26","achievement-icons/ACH_SPECIES_CATALOG.jpg","achievement-icons/ACH_SPECIES_CATALOG_locked.jpg","catalogSpecies >= 26 (new metric)"
"ACH_GOLDEN_100","golden100","planned","golden","0","Swarm of light","Catch 100 Sparks.","Enjambre de luz","Atrapa 100 Destellos.","STAT_GOLDEN","0","100","achievement-icons/ACH_GOLDEN_100.jpg","achievement-icons/ACH_GOLDEN_100_locked.jpg","golden >= 100"
"ACH_ERA_5","era5","planned","prestige","0","Fifth dish","Reach era 5.","Quinta placa","Llega a la era 5.","STAT_ERA","0","5","achievement-icons/ACH_ERA_5.jpg","achievement-icons/ACH_ERA_5_locked.jpg","era >= 5 (new metric)"
"ACH_ERA_10","era10","planned","prestige","0","Lineage","Reach era 10.","Linaje","Llega a la era 10.","STAT_ERA","0","10","achievement-icons/ACH_ERA_10.jpg","achievement-icons/ACH_ERA_10_locked.jpg","era >= 10 (new metric)"
"ACH_ERA_25","era25","planned","prestige","0","Deep time","Reach era 25.","Tiempo profundo","Llega a la era 25.","STAT_ERA","0","25","achievement-icons/ACH_ERA_25.jpg","achievement-icons/ACH_ERA_25_locked.jpg","era >= 25 (new metric)"
"ACH_GENOME_COMPLETE","genomeComplete","planned","prestige","0","Complete genome","Buy all 11 Genome nodes.","Genoma completo","Compra los 11 nodos del Genoma.","STAT_GENOME_NODES","0","11","achievement-icons/ACH_GENOME_COMPLETE.jpg","achievement-icons/ACH_GENOME_COMPLETE_locked.jpg","genomeNodes >= 11"
"ACH_EPS_1E4","eps1e4","planned","economy","0","Biosphere","Reach 10,000 Essence/s.","Biosfera","Alcanza 10 000 Esencia/s.","STAT_EPS_PEAK","0","10000","achievement-icons/ACH_EPS_1E4.jpg","achievement-icons/ACH_EPS_1E4_locked.jpg","epsPeak >= 10000"
"ACH_ESSENCE_1E9","essence1e9","planned","economy","0","A billion","Earn 1,000,000,000 Essence in total.","Mil millones","Gana 1 000 000 000 de Esencia en total.","STAT_ESSENCE_LOG10","0","9","achievement-icons/ACH_ESSENCE_1E9.jpg","achievement-icons/ACH_ESSENCE_1E9_locked.jpg","totalEssence >= 1000000000"
"ACH_ENDING_HARVEST","endingHarvest","planned","story","1","Ending: Harvest","Reach this ending of the story.","Final: Cosecha","Llega a este final de la historia.","","","","achievement-icons/ACH_ENDING_HARVEST.jpg","achievement-icons/ACH_ENDING_HARVEST_locked.jpg","src/story: story ending ""harvest"" shown"
"ACH_ENDING_LAW","endingLaw","planned","story","1","Ending: Perfect Law","Reach this ending of the story.","Final: Ley perfecta","Llega a este final de la historia.","","","","achievement-icons/ACH_ENDING_LAW.jpg","achievement-icons/ACH_ENDING_LAW_locked.jpg","src/story: story ending ""law"" shown"
"ACH_ENDING_MEMORY","endingMemory","planned","story","1","Ending: Archive","Reach this ending of the story.","Final: Archivo","Llega a este final de la historia.","","","","achievement-icons/ACH_ENDING_MEMORY.jpg","achievement-icons/ACH_ENDING_MEMORY_locked.jpg","src/story: story ending ""memory"" shown"
"ACH_ENDING_TIDE","endingTide","planned","story","1","Ending: Tide","Reach this ending of the story.","Final: Marea","Llega a este final de la historia.","","","","achievement-icons/ACH_ENDING_TIDE.jpg","achievement-icons/ACH_ENDING_TIDE_locked.jpg","src/story: story ending ""tide"" shown"
"ACH_ENDING_ALBOR","endingAlbor","planned","story","1","Secret ending: First Light","Discover the secret ending of the story.","Final secreto: Primera luz","Descubre el final secreto de la historia.","","","","achievement-icons/ACH_ENDING_ALBOR.jpg","achievement-icons/ACH_ENDING_ALBOR_locked.jpg","src/story: story ending ""albor"" shown"
"ACH_ALL_ENDINGS","allEndings","planned","story","0","Every voice","See all 4 main endings.","Todas las voces","Ve los 4 finales principales.","","","","achievement-icons/ACH_ALL_ENDINGS.jpg","achievement-icons/ACH_ALL_ENDINGS_locked.jpg","src/story: story.endings() contains every main ending"
"ACH_SECRET_IGNIS","secretIgnis","planned","secret","1","Ignis","Discover the secret ""Ignis"".","Ignis","Descubre el secreto «Ignis».","","","","achievement-icons/ACH_SECRET_IGNIS.jpg","achievement-icons/ACH_SECRET_IGNIS_locked.jpg","src/secrets: secret ""ignis"" revealed (hidden species)"
"ACH_SECRET_PHANTASMA","secretPhantasma","planned","secret","1","Phantasma","Discover the secret ""Phantasma"".","Phantasma","Descubre el secreto «Phantasma».","","","","achievement-icons/ACH_SECRET_PHANTASMA.jpg","achievement-icons/ACH_SECRET_PHANTASMA_locked.jpg","src/secrets: secret ""phantasma"" revealed (hidden species)"
"ACH_SECRET_CRYPTID","secretCryptid","planned","secret","1","Cryptid","Discover the secret ""Cryptid"".","Críptido","Descubre el secreto «Críptido».","","","","achievement-icons/ACH_SECRET_CRYPTID.jpg","achievement-icons/ACH_SECRET_CRYPTID_locked.jpg","src/secrets: secret ""cryptid"" revealed (hidden species)"
"ACH_SECRET_CHAN","secretChan","planned","secret","1","Thank you, Bert","Discover the secret ""Thank you, Bert"".","Gracias, Bert","Descubre el secreto «Gracias, Bert».","","","","achievement-icons/ACH_SECRET_CHAN.jpg","achievement-icons/ACH_SECRET_CHAN_locked.jpg","src/secrets: secret ""chan"" revealed (homages)"
"ACH_SECRET_CONWAY","secretConway","planned","secret","1","Homage to Conway","Discover the secret ""Homage to Conway"".","Homenaje a Conway","Descubre el secreto «Homenaje a Conway».","","","","achievement-icons/ACH_SECRET_CONWAY.jpg","achievement-icons/ACH_SECRET_CONWAY_locked.jpg","src/secrets: secret ""conway"" revealed (homages)"
"ACH_SECRET_ANSWER","secretAnswer","planned","secret","1","The answer","Discover the secret ""The answer"".","La respuesta","Descubre el secreto «La respuesta».","","","","achievement-icons/ACH_SECRET_ANSWER.jpg","achievement-icons/ACH_SECRET_ANSWER_locked.jpg","src/secrets: secret ""answer"" revealed (homages)"
"ACH_SECRET_MAXIMIZER","secretMaximizer","planned","secret","1","Maximizer","Discover the secret ""Maximizer"".","Maximizadora","Descubre el secreto «Maximizadora».","","","","achievement-icons/ACH_SECRET_MAXIMIZER.jpg","achievement-icons/ACH_SECRET_MAXIMIZER_locked.jpg","src/secrets: secret ""maximizer"" revealed (homages)"
"ACH_SECRET_GOLDEN_STREAK","secretGoldenStreak","planned","secret","1","Golden streak","Discover the secret ""Golden streak"".","Racha dorada","Descubre el secreto «Racha dorada».","","","","achievement-icons/ACH_SECRET_GOLDEN_STREAK.jpg","achievement-icons/ACH_SECRET_GOLDEN_STREAK_locked.jpg","src/secrets: secret ""goldenStreak"" revealed (homages)"
"ACH_SECRET_SPIRAL","secretSpiral","planned","secret","1","Spiral","Discover the secret ""Spiral"".","Espiral","Descubre el secreto «Espiral».","","","","achievement-icons/ACH_SECRET_SPIRAL.jpg","achievement-icons/ACH_SECRET_SPIRAL_locked.jpg","src/secrets: secret ""spiral"" revealed (gestures drawn on the dish)"
"ACH_SECRET_HEART","secretHeart","planned","secret","1","Heart","Discover the secret ""Heart"".","Corazón","Descubre el secreto «Corazón».","","","","achievement-icons/ACH_SECRET_HEART.jpg","achievement-icons/ACH_SECRET_HEART_locked.jpg","src/secrets: secret ""heart"" revealed (gestures drawn on the dish)"
"ACH_SECRET_HALO","secretHalo","planned","secret","1","Halo","Discover the secret ""Halo"".","Halo","Descubre el secreto «Halo».","","","","achievement-icons/ACH_SECRET_HALO.jpg","achievement-icons/ACH_SECRET_HALO_locked.jpg","src/secrets: secret ""halo"" revealed (gestures drawn on the dish)"
"ACH_SECRET_INFINITY","secretInfinity","planned","secret","1","Infinity","Discover the secret ""Infinity"".","Infinito","Descubre el secreto «Infinito».","","","","achievement-icons/ACH_SECRET_INFINITY.jpg","achievement-icons/ACH_SECRET_INFINITY_locked.jpg","src/secrets: secret ""infinity"" revealed (gestures drawn on the dish)"
"ACH_SECRET_KONAMI","secretKonami","planned","secret","1","Old code","Discover the secret ""Old code"".","Código antiguo","Descubre el secreto «Código antiguo».","","","","achievement-icons/ACH_SECRET_KONAMI.jpg","achievement-icons/ACH_SECRET_KONAMI_locked.jpg","src/secrets: secret ""konami"" revealed (touches / keys / sensors)"
"ACH_SECRET_LOGO","secretLogo","planned","secret","1","The logo","Discover the secret ""The logo"".","El logo","Descubre el secreto «El logo».","","","","achievement-icons/ACH_SECRET_LOGO.jpg","achievement-icons/ACH_SECRET_LOGO_locked.jpg","src/secrets: secret ""logo"" revealed (touches / keys / sensors)"
"ACH_SECRET_PATIENCE","secretPatience","planned","secret","1","Patient touch","Discover the secret ""Patient touch"".","Toque paciente","Descubre el secreto «Toque paciente».","","","","achievement-icons/ACH_SECRET_PATIENCE.jpg","achievement-icons/ACH_SECRET_PATIENCE_locked.jpg","src/secrets: secret ""patience"" revealed (touches / keys / sensors)"
"ACH_SECRET_SHAKE","secretShake","planned","secret","1","Shake","Discover the secret ""Shake"".","Sacudida","Descubre el secreto «Sacudida».","","","","achievement-icons/ACH_SECRET_SHAKE.jpg","achievement-icons/ACH_SECRET_SHAKE_locked.jpg","src/secrets: secret ""shake"" revealed (touches / keys / sensors)"
"ACH_SECRET_OLD_FRIEND","secretOldFriend","planned","secret","1","Old friend","Discover the secret ""Old friend"".","Vieja amiga","Descubre el secreto «Vieja amiga».","","","","achievement-icons/ACH_SECRET_OLD_FRIEND.jpg","achievement-icons/ACH_SECRET_OLD_FRIEND_locked.jpg","src/secrets: secret ""oldFriend"" revealed (patience / behaviour)"
"ACH_SECRET_SEVEN","secretSeven","planned","secret","1","Seven","Discover the secret ""Seven"".","Siete","Descubre el secreto «Siete».","","","","achievement-icons/ACH_SECRET_SEVEN.jpg","achievement-icons/ACH_SECRET_SEVEN_locked.jpg","src/secrets: secret ""seven"" revealed (patience / behaviour)"
"ACH_SECRET_SILENCE","secretSilence","planned","secret","1","Silence","Discover the secret ""Silence"".","Silencio","Descubre el secreto «Silencio».","","","","achievement-icons/ACH_SECRET_SILENCE.jpg","achievement-icons/ACH_SECRET_SILENCE_locked.jpg","src/secrets: secret ""silence"" revealed (patience / behaviour)"
"ACH_SECRET_STERILE","secretSterile","planned","secret","1","Sterile dish","Discover the secret ""Sterile dish"".","Placa estéril","Descubre el secreto «Placa estéril».","","","","achievement-icons/ACH_SECRET_STERILE.jpg","achievement-icons/ACH_SECRET_STERILE_locked.jpg","src/secrets: secret ""sterile"" revealed (patience / behaviour)"
"ACH_SECRET_PALINDROME","secretPalindrome","planned","secret","1","Palindrome","Discover the secret ""Palindrome"".","Palíndromo","Descubre el secreto «Palíndromo».","","","","achievement-icons/ACH_SECRET_PALINDROME.jpg","achievement-icons/ACH_SECRET_PALINDROME_locked.jpg","src/secrets: secret ""palindrome"" revealed (patience / behaviour)"
"ACH_SECRET_AFK","secretAfk","planned","secret","1","Away","Discover the secret ""Away"".","Ausente","Descubre el secreto «Ausente».","","","","achievement-icons/ACH_SECRET_AFK.jpg","achievement-icons/ACH_SECRET_AFK_locked.jpg","src/secrets: secret ""afk"" revealed (patience / behaviour)"
"ACH_SECRET_FULL_MOON","secretFullMoon","planned","secret","1","Full moon","Discover the secret ""Full moon"".","Luna llena","Descubre el secreto «Luna llena».","","","","achievement-icons/ACH_SECRET_FULL_MOON.jpg","achievement-icons/ACH_SECRET_FULL_MOON_locked.jpg","src/secrets: secret ""fullMoon"" revealed (sky / calendar / rare visuals)"
"ACH_SECRET_BIRTHDAY","secretBirthday","planned","secret","1","Birthday","Discover the secret ""Birthday"".","Cumpleaños","Descubre el secreto «Cumpleaños».","","","","achievement-icons/ACH_SECRET_BIRTHDAY.jpg","achievement-icons/ACH_SECRET_BIRTHDAY_locked.jpg","src/secrets: secret ""birthday"" revealed (sky / calendar / rare visuals)"
"ACH_SECRET_AURORA","secretAurora","planned","secret","1","Aurora","Discover the secret ""Aurora"".","Aurora","Descubre el secreto «Aurora».","","","","achievement-icons/ACH_SECRET_AURORA.jpg","achievement-icons/ACH_SECRET_AURORA_locked.jpg","src/secrets: secret ""aurora"" revealed (sky / calendar / rare visuals)"
"ACH_SECRET_ORION","secretOrion","planned","secret","1","Orion","Discover the secret ""Orion"".","Orión","Descubre el secreto «Orión».","","","","achievement-icons/ACH_SECRET_ORION.jpg","achievement-icons/ACH_SECRET_ORION_locked.jpg","src/secrets: secret ""orion"" revealed (sky / calendar / rare visuals)"
"ACH_SECRET_BASEMENT","secretBasement","planned","secret","1","The basement","Discover the secret ""The basement"".","El sótano","Descubre el secreto «El sótano».","","","","achievement-icons/ACH_SECRET_BASEMENT.jpg","achievement-icons/ACH_SECRET_BASEMENT_locked.jpg","src/secrets: secret ""basement"" revealed (meta)"
"ACH_SECRETS_ALL","secretsAll","planned","secret","0","Nothing left to hide","Discover all 27 secrets.","Nada más que esconder","Descubre los 27 secretos.","","","","achievement-icons/ACH_SECRETS_ALL.jpg","achievement-icons/ACH_SECRETS_ALL_locked.jpg","src/secrets: every SecretId revealed"
"ACH_SPEED_EXTINCTION","speedExtinction","planned","speed","0","Evolutionary rush","Trigger your first Extinction with under 45 minutes played.","Prisa evolutiva","Provoca tu primera Extinción con menos de 45 minutos de juego.","","","","achievement-icons/ACH_SPEED_EXTINCTION.jpg","achievement-icons/ACH_SPEED_EXTINCTION_locked.jpg","src/game: extinctionDone with stats.extinctions === 1 && stats.playTime < 2700"
"ACH_SPEED_SPECIES","speedSpecies","planned","speed","0","Quick eye","Register 10 species within your first 30 minutes of play.","Ojo rápido","Registra 10 especies en tus primeros 30 minutos de juego.","","","","achievement-icons/ACH_SPEED_SPECIES.jpg","achievement-icons/ACH_SPEED_SPECIES_locked.jpg","src/game: speciesNew with species.length >= 10 && stats.playTime < 1800"
"ACH_SPEED_ERA","speedEra","planned","speed","0","Lightning era","Complete an era, from first seed to Extinction, in under 10 minutes.","Era relámpago","Completa una era, de la primera siembra a la Extinción, en menos de 10 minutos.","","","","achievement-icons/ACH_SPEED_ERA.jpg","achievement-icons/ACH_SPEED_ERA_locked.jpg","src/game: extinctionDone with era play time < 600 s (new: track era start time)"
"ACH_AWAY_NIGHT","awayNight","planned","idle","0","Sleep on it","Come back after 8 hours or more away.","Dormir sobre ello","Vuelve tras 8 horas o más fuera.","","","","achievement-icons/ACH_AWAY_NIGHT.jpg","achievement-icons/ACH_AWAY_NIGHT_locked.jpg","src/main.ts: bus 'offlineReturn' with seconds >= 28800"
"ACH_OFFLINE_HARVEST","offlineHarvest","planned","idle","0","Night harvest","Collect 1,000,000 Essence in a single return.","Cosecha nocturna","Recoge 1 000 000 de Esencia en un solo regreso.","","","","achievement-icons/ACH_OFFLINE_HARVEST.jpg","achievement-icons/ACH_OFFLINE_HARVEST_locked.jpg","src/main.ts: bus 'offlineReturn' with essence >= 1e6"
"ACH_HANDS_OFF","handsOff","planned","idle","0","Hands off","Leave the dish untouched for 15 minutes while it keeps producing.","Manos quietas","Deja la placa 15 minutos sin tocarla mientras sigue produciendo.","","","","achievement-icons/ACH_HANDS_OFF.jpg","achievement-icons/ACH_HANDS_OFF_locked.jpg","src/main.ts: no pointer/key input for 900 s while essencePerSec > 0 and the tab is visible"
"ACH_PLAY_10H","play10h","planned","idle","0","Long culture","Play for 10 hours.","Cultivo largo","Juega 10 horas.","STAT_PLAY_MINUTES","0","600","achievement-icons/ACH_PLAY_10H.jpg","achievement-icons/ACH_PLAY_10H_locked.jpg","playTime >= 36000"
